Runs,Mins,Ball Faced,4s,6s,Strike Rate,Possition,Dismissal,Innings, Against Match,Venue,Date,Match 
12,33,22,1,0,54.54,2,lbw,1,Sri Lanka,Dambulla,2008-08-18,ODI
37,82,67,6,0,55.22,2,caught,2,Sri Lanka,Dambulla,2008-08-20,ODI
25,40,38,4,0,65.78,1,run out,1,Sri Lanka,Colombo (RPS),2008-08-24,ODI
54,87,66,7,0,81.81,1,bowled,1,Sri Lanka,Colombo (RPS),2008-08-27,ODI
31,45,46,3,1,67.39,1,lbw,2,Sri Lanka,Colombo (RPS),2008-08-29,ODI
2,6,2,0,0,100.00,7,not out,1,Sri Lanka,Colombo (RPS),2009-09-14,ODI
16,28,24,1,0,66.66,4,caught,2,Pakistan,Centurion,2009-09-26,ODI
79,121,104,9,2,75.96,4,not out,2,West Indies,Johannesburg,2009-09-30,ODI
30,53,41,3,0,73.17,4,caught,2,Australia,Vadodara,2009-10-25,ODI
10,32,16,1,0,62.50,3,caught,2,Australia,Mohali,2009-11-02,ODI
27,20,19,4,0,142.10,7,bowled,1,Sri Lanka,Rajkot,2009-12-15,ODI
54,93,65,7,0,83.07,4,lbw,1,Sri Lanka,Nagpur,2009-12-18,ODI
107,142,114,11,1,93.85,4,caught,2,Sri Lanka,Eden Gardens,2009-12-24,ODI
9,19,12,1,0,75.00,3,caught,1,Sri Lanka,Mirpur,2010-01-05,ODI
91,136,102,7,0,89.21,3,caught,2,Bangladesh,Mirpur,2010-01-07,ODI
71,98,68,9,0,104.41,3,not out,2,Sri Lanka,Mirpur,2010-01-10,ODI
102,128,95,11,0,107.36,3,not out,2,Bangladesh,Mirpur,2010-01-11,ODI
2,6,8,0,0,25.00,3,caught,1,Sri Lanka,Mirpur,2010-01-13,ODI
31,40,46,1,0,67.39,5,caught,1,South Africa,Jaipur,2010-02-21,ODI
57,90,71,4,1,80.28,3,caught,2,South Africa,Ahmedabad,2010-02-27,ODI
0,3,0,0,0,,3,run out,1,Zimbabwe,Bulawayo,2010-05-28,ODI
82,125,92,4,0,89.13,3,caught,2,Sri Lanka,Bulawayo,2010-05-30,ODI
18,28,29,1,0,62.06,3,caught,1,Zimbabwe,Harare,2010-06-03,ODI
68,123,95,5,0,71.57,3,caught,1,Sri Lanka,Harare,2010-06-05,ODI
26,30,21,3,1,123.80,5,not out,2,Zimbabwe,Harare,2010-06-12,T20
11,35,22,0,0,50.00,3,stumped,2,Bangladesh,Dambulla,2010-06-16,ODI
18,31,27,1,0,66.66,3,bowled,2,Pakistan,Dambulla,2010-06-19,ODI
10,13,14,1,0,71.42,3,caught,1,Sri Lanka,Dambulla,2010-06-22,ODI
28,57,34,4,0,82.35,3,caught,1,Sri Lanka,Dambulla,2010-06-24,ODI
0,5,3,0,0,0.00,3,caught,2,Sri Lanka,Dambulla,2010-08-16,ODI
8,22,16,1,0,50.00,3,caught,1,New Zealand,Dambulla,2010-08-25,ODI
37,98,57,5,0,64.91,3,caught,2,Sri Lanka,Dambulla,2010-08-28,ODI
118,193,121,11,1,97.52,3,caught,2,Australia,Visakhapatnam,2010-10-20,ODI
105,162,104,10,0,100.96,3,caught,1,New Zealand,Guwahati,2010-11-28,ODI
64,78,73,8,0,87.67,3,caught,2,New Zealand,Jaipur,2010-12-01,ODI
63,83,70,6,2,90.00,3,not out,2,New Zealand,Vadodara,2010-12-04,ODI
0,3,2,0,0,0.00,3,caught,2,New Zealand,Bengaluru,2010-12-07,ODI
2,10,8,0,0,25.00,3,caught,2,New Zealand,Chennai,2010-12-10,ODI
28,28,19,5,0,147.36,1,bowled,1,South Africa,Durban,2011-01-09,T20
54,122,70,2,1,77.14,3,caught,2,South Africa,Durban,2011-01-12,ODI
22,43,34,1,0,64.70,3,run out,1,South Africa,Johannesburg,2011-01-15,ODI
28,51,41,5,0,68.29,3,caught,2,South Africa,Cape Town,2011-01-18,ODI
87,126,92,7,2,94.56,3,not out,2,South Africa,Gqeberha,2011-01-21,ODI
2,11,6,0,0,33.33,3,caught,2,South Africa,Centurion,2011-01-23,ODI
100,113,83,8,2,120.48,4,not out,1,Bangladesh,Mirpur,2011-02-19,ODI
8,12,5,1,0,160.00,7,bowled,1,England,Bengaluru,2011-02-27,ODI
34,82,53,3,0,64.15,4,run out,2,Ireland,Bengaluru,2011-03-06,ODI
12,16,20,2,0,60.00,5,bowled,2,Netherlands,Delhi,2011-03-09,ODI
1,2,3,0,0,33.33,7,caught,1,South Africa,Nagpur,2011-03-12,ODI
59,128,76,5,0,77.63,3,bowled,1,West Indies,Chennai,2011-03-20,ODI
24,38,33,1,0,72.72,4,caught,2,Australia,Ahmedabad,2011-03-24,ODI
9,20,21,0,0,42.85,4,caught,1,Pakistan,Mohali,2011-03-30,ODI
35,69,49,4,0,71.42,4,caught,2,Sri Lanka,Wankhede,2011-04-02,ODI
14,15,12,2,0,116.66,3,caught,1,West Indies,Port of Spain,2011-06-04,T20
2,5,8,0,0,25.00,3,caught,2,West Indies,Port of Spain,2011-06-06,ODI
81,118,103,6,1,78.64,3,caught,2,West Indies,Port of Spain,2011-06-08,ODI
0,1,1,0,0,0.00,3,lbw,2,West Indies,North Sound,2011-06-11,ODI
22,68,33,1,0,66.66,3,stumped,2,West Indies,North Sound,2011-06-13,ODI
94,135,104,10,0,90.38,3,run out,1,West Indies,Kingston,2011-06-16,ODI
15,72,54,2,0,27.77,5,caught,3,West Indies,Kingston,2011-06-20,Test
4,13,10,1,0,40.00,5,caught,1,West Indies,Kingston,2011-06-20,Test
27,118,107,1,1,25.23,5,caught,3,West Indies,Bridgetown,2011-06-28,Test
0,1,2,0,0,0.00,5,caught,1,West Indies,Bridgetown,2011-06-28,Test
30,62,53,2,0,56.60,5,caught,2,West Indies,Roseau,2011-07-06,Test
4,5,5,0,0,80.00,4,caught,1,England,Manchester,2011-08-31,T20
55,92,73,4,0,75.34,4,bowled,1,England,Chester-le-Street,2011-09-03,ODI
9,9,9,0,0,100.00,4,caught,1,England,Southampton,2011-09-06,ODI
7,18,18,0,0,38.88,4,caught,1,England,The Oval,2011-09-09,ODI
16,40,36,1,0,44.44,4,caught,1,England,Lord's,2011-09-11,ODI
107,102,93,9,1,115.05,4,hit wicket,1,England,Cardiff,2011-09-16,ODI
37,70,63,0,0,58.73,4,caught,1,England,Hyderabad,2011-10-14,ODI
112,134,98,16,0,114.28,4,not out,2,England,Delhi,2011-10-17,ODI
35,42,30,5,0,116.66,4,lbw,2,England,Mohali,2011-10-20,ODI
86,100,99,11,0,86.86,4,not out,2,England,Wankhede,2011-10-23,ODI
0,5,5,0,0,0.00,3,bowled,1,England,Eden Gardens,2011-10-25,ODI
15,21,16,3,0,93.75,3,caught,1,England,Eden Gardens,2011-10-29,T20
63,136,114,3,1,55.26,6,caught,4,West Indies,Wankhede,2011-11-22,Test
52,154,111,5,0,46.84,6,caught,2,West Indies,Wankhede,2011-11-22,Test
3,13,6,0,0,50.00,4,bowled,2,West Indies,Cuttack,2011-11-29,ODI
117,154,123,14,0,95.12,4,caught,2,West Indies,Visakhapatnam,2011-12-02,ODI
20,21,30,3,0,66.66,4,lbw,2,West Indies,Ahmedabad,2011-12-05,ODI
23,15,11,3,0,209.09,6,not out,1,West Indies,Indore,2011-12-08,ODI
80,99,85,5,0,94.11,5,caught,1,West Indies,Chennai,2011-12-11,ODI
0,3,1,0,0,0.00,6,lbw,4,Australia,Melbourne,2011-12-26,Test
11,28,21,1,0,52.38,7,caught,2,Australia,Melbourne,2011-12-26,Test
9,35,24,2,0,37.50,6,lbw,3,Australia,Sydney,2012-01-03,Test
23,50,41,3,0,56.09,6,caught,1,Australia,Sydney,2012-01-03,Test
75,191,136,9,0,55.14,6,caught,3,Australia,Perth,2012-01-13,Test
44,107,81,6,0,54.32,6,caught,1,Australia,Perth,2012-01-13,Test
22,96,62,2,0,35.48,6,run out,4,Australia,Adelaide,2012-01-24,Test
116,237,213,11,1,54.46,6,lbw,2,Australia,Adelaide,2012-01-24,Test
22,30,21,0,1,104.76,3,caught,2,Australia,Sydney,2012-02-01,T20
31,29,24,3,0,129.16,3,caught,2,Australia,Melbourne,2012-02-03,T20
31,30,34,3,0,91.17,3,caught,2,Australia,Melbourne,2012-02-05,ODI
77,156,94,8,1,81.91,3,run out,2,Sri Lanka,Perth,2012-02-08,ODI
18,41,28,1,0,64.28,3,caught,2,Australia,Adelaide,2012-02-12,ODI
15,32,25,1,0,60.00,3,lbw,2,Sri Lanka,Adelaide,2012-02-14,ODI
12,44,25,0,0,48.00,3,caught,2,Australia,Brisbane,2012-02-19,ODI
66,116,83,2,0,79.51,4,caught,2,Sri Lanka,Brisbane,2012-02-21,ODI
21,36,27,2,0,77.77,4,caught,2,Australia,Sydney,2012-02-26,ODI
133,133,86,16,2,154.65,4,not out,2,Sri Lanka,Hobart,2012-02-28,ODI
108,148,120,7,0,90.00,3,caught,1,Sri Lanka,Mirpur,2012-03-13,ODI
66,126,82,5,0,80.48,3,bowled,1,Bangladesh,Mirpur,2012-03-16,ODI
183,211,148,22,1,123.64,3,caught,2,Pakistan,Mirpur,2012-03-18,ODI
106,158,113,9,0,93.80,3,caught,1,Sri Lanka,Hambantota,2012-07-21,ODI
1,6,5,0,0,20.00,3,caught,1,Sri Lanka,Hambantota,2012-07-24,ODI
38,80,65,2,0,58.46,3,caught,2,Sri Lanka,Colombo (RPS),2012-07-28,ODI
128,187,119,12,1,107.56,3,not out,2,Sri Lanka,Colombo (RPS),2012-07-31,ODI
23,42,35,2,0,65.71,3,lbw,1,Sri Lanka,Pallekele,2012-08-04,ODI
68,65,48,11,1,141.66,3,caught,1,Sri Lanka,Pallekele,2012-08-07,T20
58,143,107,8,0,54.20,5,caught,1,New Zealand,Hyderabad,2012-08-23,Test
51,130,82,9,0,62.19,5,not out,4,New Zealand,Bengaluru,2012-08-31,Test
103,284,193,14,1,53.36,5,lbw,2,New Zealand,Bengaluru,2012-08-31,Test
70,67,41,10,1,170.73,2,caught,2,New Zealand,Chennai,2012-09-11,T20
50,60,39,4,2,128.20,3,caught,1,Afghanistan,Colombo (RPS),2012-09-19,T20
40,33,32,6,0,125.00,3,caught,1,England,Colombo (RPS),2012-09-23,T20
15,18,13,2,0,115.38,3,caught,1,Australia,Colombo (RPS),2012-09-28,T20
78,61,61,8,2,127.86,3,not out,2,Pakistan,Colombo (RPS),2012-09-30,T20
2,5,6,0,0,33.33,3,caught,1,South Africa,Colombo (RPS),2012-10-02,T20
14,17,21,3,0,66.66,3,not out,4,England,Ahmedabad,2012-11-15,Test
19,70,67,3,0,28.35,5,bowled,1,England,Ahmedabad,2012-11-15,Test
7,16,13,1,0,53.84,5,caught,3,England,Wankhede,2012-11-23,Test
19,65,55,3,0,34.54,5,caught,1,England,Wankhede,2012-11-23,Test
20,86,60,3,0,33.33,5,caught,3,England,Eden Gardens,2012-12-05,Test
6,31,24,1,0,25.00,5,caught,1,England,Eden Gardens,2012-12-05,Test
103,356,295,11,0,34.91,5,lbw,2,England,Nagpur,2012-12-13,Test
21,35,17,2,0,123.52,3,bowled,2,England,Pune,2012-12-20,T20
38,25,20,7,0,190.00,3,lbw,1,England,Wankhede,2012-12-22,T20
9,15,11,1,0,81.81,3,caught,1,Pakistan,Bengaluru,2012-12-25,T20
27,31,22,3,0,122.72,3,run out,1,Pakistan,Ahmedabad,2012-12-28,T20
0,9,5,0,0,0.00,3,bowled,1,Pakistan,Chennai,2012-12-30,ODI
6,12,9,1,0,66.66,3,caught,2,Pakistan,Eden Gardens,2013-01-03,ODI
7,25,17,1,0,41.17,3,caught,1,Pakistan,Delhi,2013-01-06,ODI
15,45,22,1,0,68.18,3,caught,2,England,Rajkot,2013-01-11,ODI
37,86,54,1,1,68.51,3,caught,1,England,Kochi,2013-01-15,ODI
77,110,79,9,2,97.46,3,not out,2,England,Ranchi,2013-01-19,ODI
26,44,33,3,0,78.78,3,caught,2,England,Mohali,2013-01-23,ODI
0,1,1,0,0,0.00,3,caught,1,England,Dharamsala,2013-01-27,ODI
107,266,206,15,1,51.94,5,caught,2,Australia,Chennai,2013-02-22,Test
34,119,92,3,0,36.95,5,caught,2,Australia,Hyderabad,2013-03-02,Test
34,80,61,6,0,55.73,3,caught,4,Australia,Mohali,2013-03-14,Test
67,157,129,7,1,51.93,5,not out,2,Australia,Mohali,2013-03-14,Test
41,76,60,4,0,68.33,3,lbw,4,Australia,Delhi,2013-03-22,Test
1,11,8,0,0,12.50,3,lbw,2,Australia,Delhi,2013-03-22,Test
31,46,41,2,0,75.60,3,caught,1,South Africa,Cardiff,2013-06-06,ODI
22,18,18,4,0,122.22,3,bowled,2,West Indies,The Oval,2013-06-11,ODI
22,36,27,3,0,81.48,3,not out,2,Pakistan,Birmingham,2013-06-15,ODI
58,80,64,4,1,90.62,3,not out,2,Sri Lanka,Cardiff,2013-06-20,ODI
43,66,34,4,1,126.47,3,caught,1,England,Birmingham,2013-06-23,ODI
11,19,21,0,1,52.38,3,caught,1,West Indies,Kingston,2013-06-30,ODI
2,6,5,0,0,40.00,4,caught,2,Sri Lanka,Kingston,2013-07-02,ODI
102,120,83,13,2,122.89,3,caught,1,West Indies,Port of Spain,2013-07-05,ODI
31,62,52,4,0,59.61,3,lbw,1,Sri Lanka,Port of Spain,2013-07-09,ODI
2,8,5,0,0,40.00,3,caught,2,Sri Lanka,Port of Spain,2013-07-11,ODI
115,133,108,13,1,106.48,3,caught,2,Zimbabwe,Harare,2013-07-24,ODI
14,35,18,2,0,77.77,3,caught,1,Zimbabwe,Harare,2013-07-26,ODI
68,128,88,5,1,77.27,3,not out,2,Zimbabwe,Harare,2013-07-28,ODI
29,26,22,2,1,131.81,4,caught,2,Australia,Rajkot,2013-10-10,T20
61,121,85,6,0,71.76,3,lbw,2,Australia,Pune,2013-10-13,ODI
100,82,52,8,7,192.30,3,not out,2,Australia,Jaipur,2013-10-16,ODI
68,121,73,9,0,93.15,3,caught,1,Australia,Mohali,2013-10-19,ODI
115,104,66,18,1,174.24,3,not out,2,Australia,Nagpur,2013-10-30,ODI
0,4,3,0,0,0.00,3,run out,1,Australia,Bengaluru,2013-11-02,ODI
3,13,5,0,0,60.00,5,caught,2,West Indies,Eden Gardens,2013-11-06,Test
57,80,78,5,0,73.07,5,caught,2,West Indies,Wankhede,2013-11-14,Test
86,120,84,9,2,102.38,3,caught,2,West Indies,Kochi,2013-11-21,ODI
99,159,100,9,0,99.00,3,caught,1,West Indies,Visakhapatnam,2013-11-24,ODI
19,19,18,3,0,105.55,3,caught,2,West Indies,Kanpur,2013-11-27,ODI
31,41,35,5,0,88.57,3,caught,2,South Africa,Johannesburg,2013-12-05,ODI
0,7,5,0,0,0.00,3,caught,2,South Africa,Durban,2013-12-08,ODI
96,254,193,9,0,49.74,4,caught,3,South Africa,Johannesburg,2013-12-18,Test
119,257,181,18,0,65.74,4,caught,1,South Africa,Johannesburg,2013-12-18,Test
11,26,27,1,0,40.74,4,caught,3,South Africa,Durban,2013-12-26,Test
46,114,87,5,0,52.87,4,caught,1,South Africa,Durban,2013-12-26,Test
123,179,111,11,2,110.81,3,caught,2,New Zealand,Napier,2014-01-19,ODI
78,88,65,7,2,120.00,3,caught,2,New Zealand,Hamilton,2014-01-22,ODI
6,27,20,1,0,30.00,3,caught,2,New Zealand,Auckland,2014-01-25,ODI
2,14,10,0,0,20.00,2,caught,1,New Zealand,Hamilton,2014-01-28,ODI
82,129,78,7,3,105.12,3,caught,2,New Zealand,Wellington,2014-01-31,ODI
67,131,102,12,0,65.68,4,caught,4,New Zealand,Auckland,2014-02-06,Test
4,17,13,1,0,30.76,4,caught,2,New Zealand,Auckland,2014-02-06,Test
105,195,135,15,1,77.77,4,not out,4,New Zealand,Wellington,2014-02-14,Test
38,131,93,4,0,40.86,5,caught,2,New Zealand,Wellington,2014-02-14,Test
136,157,122,16,2,111.47,3,bowled,2,Bangladesh,Fatullah,2014-02-26,ODI
48,66,51,4,1,94.11,3,bowled,1,Sri Lanka,Fatullah,2014-02-28,ODI
5,29,11,0,0,45.45,3,caught,1,Pakistan,Mirpur,2014-03-02,ODI
36,45,32,4,1,112.50,3,not out,2,Pakistan,Mirpur,2014-03-21,T20
54,51,41,5,1,131.70,3,bowled,2,West Indies,Mirpur,2014-03-23,T20
57,66,50,3,1,114.00,3,not out,2,Bangladesh,Mirpur,2014-03-28,T20
23,23,22,2,1,104.54,3,caught,1,Australia,Mirpur,2014-03-30,T20
72,67,44,5,2,163.63,3,not out,2,South Africa,Mirpur,2014-04-04,T20
77,75,58,5,4,132.75,3,run out,1,Sri Lanka,Mirpur,2014-04-06,T20
8,39,29,1,0,27.58,4,lbw,3,England,Nottingham,2014-07-09,Test
1,6,8,0,0,12.50,4,caught,1,England,Nottingham,2014-07-09,Test
0,1,1,0,0,0.00,4,bowled,3,England,Lord's,2014-07-17,Test
25,39,34,4,0,73.52,4,caught,1,England,Lord's,2014-07-17,Test
28,77,56,3,0,50.00,4,caught,4,England,Southampton,2014-07-27,Test
39,119,75,3,0,52.00,4,caught,2,England,Southampton,2014-07-27,Test
7,15,11,1,0,63.63,4,caught,3,England,Manchester,2014-08-07,Test
0,3,2,0,0,0.00,4,caught,1,England,Manchester,2014-08-07,Test
20,80,54,2,0,37.03,4,caught,3,England,The Oval,2014-08-15,Test
6,34,18,1,0,33.33,4,lbw,1,England,The Oval,2014-08-15,Test
0,1,3,0,0,0.00,3,caught,1,England,Cardiff,2014-08-27,ODI
40,67,50,2,1,80.00,3,caught,2,England,Nottingham,2014-08-30,ODI
1,9,3,0,0,33.33,3,not out,2,England,Birmingham,2014-09-02,ODI
13,25,21,2,0,61.90,3,caught,2,England,Leeds,2014-09-05,ODI
66,54,41,9,1,160.97,3,caught,2,England,Birmingham,2014-09-07,T20
2,7,5,0,0,40.00,3,caught,2,West Indies,Kochi,2014-10-08,ODI
62,124,78,5,0,79.48,4,caught,1,West Indies,Delhi,2014-10-11,ODI
127,164,114,13,3,111.40,3,run out,1,West Indies,Dharamsala,2014-10-17,ODI
22,34,21,2,0,104.76,4,caught,1,Sri Lanka,Cuttack,2014-11-02,ODI
49,55,44,2,2,111.36,4,caught,2,Sri Lanka,Ahmedabad,2014-11-06,ODI
53,83,61,4,1,86.88,4,caught,2,Sri Lanka,Hyderabad,2014-11-09,ODI
66,109,64,6,0,103.12,4,run out,1,Sri Lanka,Eden Gardens,2014-11-13,ODI
139,192,126,12,3,110.31,4,not out,2,Sri Lanka,Ranchi,2014-11-16,ODI
141,279,175,16,1,80.57,4,caught,4,Australia,Adelaide,2014-12-09,Test
115,267,184,12,0,62.50,4,caught,2,Australia,Adelaide,2014-12-09,Test
1,14,11,0,0,9.09,4,bowled,3,Australia,Brisbane,2014-12-17,Test
19,50,27,1,0,70.37,4,caught,1,Australia,Brisbane,2014-12-17,Test
54,134,99,7,0,54.54,4,caught,4,Australia,Melbourne,2014-12-26,Test
169,380,272,18,0,62.13,4,caught,2,Australia,Melbourne,2014-12-26,Test
46,123,95,3,0,48.42,4,caught,4,Australia,Sydney,2015-01-06,Test
147,315,230,20,0,63.91,4,caught,2,Australia,Sydney,2015-01-06,Test
9,24,16,0,0,56.25,4,caught,1,Australia,Melbourne,2015-01-18,ODI
4,13,8,0,0,50.00,4,caught,1,England,Brisbane,2015-01-20,ODI
3,8,9,0,0,33.33,4,not out,1,Australia,Sydney,2015-01-26,ODI
8,26,19,0,0,42.10,3,caught,1,England,Perth,2015-01-30,ODI
107,168,126,8,0,84.92,3,caught,1,Pakistan,Adelaide,2015-02-15,ODI
46,106,60,3,0,76.66,3,caught,1,South Africa,Melbourne,2015-02-22,ODI
33,49,41,5,0,80.48,3,not out,2,U.A.E.,Perth,2015-02-28,ODI
33,51,36,5,0,91.66,3,caught,2,West Indies,Perth,2015-03-06,ODI
44,64,42,4,1,104.76,3,not out,2,Ireland,Hamilton,2015-03-10,ODI
38,71,48,4,0,79.16,3,bowled,2,Zimbabwe,Auckland,2015-03-14,ODI
3,6,8,0,0,37.50,3,caught,1,Bangladesh,Melbourne,2015-03-19,ODI
1,11,13,0,0,7.69,3,caught,2,Australia,Sydney,2015-03-26,ODI
14,17,22,2,0,63.63,4,bowled,1,Bangladesh,Fatullah,2015-06-10,Test
1,9,4,0,0,25.00,3,caught,2,Bangladesh,Mirpur,2015-06-18,ODI
23,57,27,3,1,85.18,3,lbw,1,Bangladesh,Mirpur,2015-06-21,ODI
25,55,35,1,0,71.42,3,bowled,1,Bangladesh,Mirpur,2015-06-24,ODI
3,14,10,0,0,30.00,5,caught,4,Sri Lanka,Galle,2015-08-12,Test
103,266,191,11,0,53.92,4,lbw,2,Sri Lanka,Galle,2015-08-12,Test
10,33,19,0,0,52.63,4,lbw,3,Sri Lanka,Colombo (PSS),2015-08-20,Test
78,178,107,8,1,72.89,4,caught,1,Sri Lanka,Colombo (PSS),2015-08-20,Test
21,87,63,2,0,33.33,4,caught,3,Sri Lanka,Colombo (SSC),2015-08-28,Test
18,96,60,3,0,30.00,4,caught,1,Sri Lanka,Colombo (SSC),2015-08-28,Test
43,58,27,1,3,159.25,3,caught,1,South Africa,Dharamsala,2015-10-02,T20
1,3,1,0,0,100.00,3,run out,1,South Africa,Cuttack,2015-10-05,T20
11,29,18,0,0,61.11,4,caught,2,South Africa,Kanpur,2015-10-11,ODI
12,24,18,0,0,66.66,4,run out,1,South Africa,Indore,2015-10-14,ODI
77,155,99,5,0,77.77,3,caught,2,South Africa,Rajkot,2015-10-18,ODI
138,202,140,6,5,98.57,3,caught,1,South Africa,Chennai,2015-10-22,ODI
7,11,6,0,1,116.66,3,caught,2,South Africa,Wankhede,2015-10-25,ODI
29,92,71,4,0,40.84,4,caught,3,South Africa,Mohali,2015-11-05,Test
1,5,4,0,0,25.00,4,caught,1,South Africa,Mohali,2015-11-05,Test
16,49,30,2,0,53.33,4,caught,3,South Africa,Nagpur,2015-11-25,Test
22,73,55,2,0,40.00,4,caught,1,South Africa,Nagpur,2015-11-25,Test
88,259,165,10,0,53.33,5,lbw,3,South Africa,Delhi,2015-12-03,Test
44,74,62,7,0,70.96,4,caught,1,South Africa,Delhi,2015-12-03,Test
91,148,97,9,1,93.81,3,caught,1,Australia,Perth,2016-01-12,ODI
59,84,67,4,0,88.05,3,run out,1,Australia,Brisbane,2016-01-15,ODI
117,174,117,7,2,100.00,3,caught,1,Australia,Melbourne,2016-01-17,ODI
106,131,92,11,1,115.21,3,caught,2,Australia,Canberra,2016-01-20,ODI
8,11,11,1,0,72.72,3,caught,2,Australia,Sydney,2016-01-23,ODI
90,71,55,9,2,163.63,3,not out,1,Australia,Adelaide,2016-01-26,T20
59,44,33,7,1,178.78,3,not out,1,Australia,Melbourne,2016-01-29,T20
50,49,36,2,1,138.88,3,bowled,2,Australia,Sydney,2016-01-31,T20
7,13,12,1,0,58.33,3,caught,1,Bangladesh,Mirpur,2016-02-24,T20
49,71,51,7,0,96.07,3,lbw,2,Pakistan,Mirpur,2016-02-27,T20
56,85,47,7,0,119.14,3,not out,2,Sri Lanka,Mirpur,2016-03-01,T20
41,62,28,5,0,146.42,3,not out,2,Bangladesh,Mirpur,2016-03-06,T20
23,40,27,2,0,85.18,3,caught,2,New Zealand,Nagpur,2016-03-15,T20
55,66,37,7,1,148.64,3,not out,2,Pakistan,Eden Gardens,2016-03-19,T20
24,37,24,0,1,100.00,3,bowled,1,Bangladesh,Bengaluru,2016-03-23,T20
82,78,51,9,2,160.78,3,not out,2,Australia,Mohali,2016-03-27,T20
89,63,47,11,1,189.36,3,not out,1,West Indies,Wankhede,2016-03-31,T20
200,375,283,24,0,70.67,4,bowled,1,West Indies,North Sound,2016-07-21,Test
44,144,90,4,1,48.88,4,caught,2,West Indies,Kingston,2016-07-30,Test
4,21,17,0,0,23.52,3,lbw,3,West Indies,Gros Islet,2016-08-09,Test
3,17,8,0,0,37.50,3,caught,1,West Indies,Gros Islet,2016-08-09,Test
16,8,9,3,0,177.77,3,caught,2,West Indies,Lauderhill,2016-08-27,T20
18,45,40,3,0,45.00,4,caught,3,New Zealand,Kanpur,2016-09-22,Test
9,12,10,2,0,90.00,4,caught,1,New Zealand,Kanpur,2016-09-22,Test
45,82,65,7,0,69.23,4,lbw,3,New Zealand,Eden Gardens,2016-09-30,Test
9,42,28,1,0,32.14,4,caught,1,New Zealand,Eden Gardens,2016-09-30,Test
17,36,28,1,0,60.71,4,lbw,3,New Zealand,Indore,2016-10-08,Test
211,536,366,20,0,57.65,4,lbw,1,New Zealand,Indore,2016-10-08,Test
85,109,81,9,1,104.93,3,not out,2,New Zealand,Dharamsala,2016-10-16,ODI
9,18,13,1,0,69.23,3,caught,2,New Zealand,Delhi,2016-10-20,ODI
154,202,134,16,1,114.92,3,not out,2,New Zealand,Mohali,2016-10-23,ODI
45,64,51,2,1,88.23,3,caught,2,New Zealand,Ranchi,2016-10-26,ODI
65,152,76,2,1,85.52,3,caught,1,New Zealand,Visakhapatnam,2016-10-29,ODI
49,129,98,6,0,50.00,4,not out,4,England,Rajkot,2016-11-09,Test
40,135,95,5,0,42.10,4,hit wicket,2,England,Rajkot,2016-11-09,Test
81,172,109,8,0,74.31,4,caught,3,England,Visakhapatnam,2016-11-17,Test
167,401,267,18,0,62.54,4,caught,1,England,Visakhapatnam,2016-11-17,Test
6,11,11,0,0,54.54,4,not out,4,England,Mohali,2016-11-26,Test
62,161,127,9,0,48.81,4,caught,2,England,Mohali,2016-11-26,Test
235,515,340,25,1,69.11,4,caught,2,England,Wankhede,2016-12-08,Test
15,44,29,1,0,51.72,4,caught,2,England,Chennai,2016-12-16,Test
122,147,105,8,5,116.19,3,caught,2,England,Pune,2017-01-15,ODI
8,6,5,2,0,160.00,3,caught,1,England,Cuttack,2017-01-19,ODI
55,81,63,8,0,87.30,3,caught,2,England,Eden Gardens,2017-01-22,ODI
29,34,26,4,0,111.53,1,caught,1,England,Kanpur,2017-01-26,T20
21,17,15,2,1,140.00,1,caught,1,England,Nagpur,2017-01-29,T20
2,6,4,0,0,50.00,1,run out,1,England,Bengaluru,2017-02-01,T20
38,51,40,2,1,95.00,4,caught,3,Bangladesh,Hyderabad,2017-02-09,Test
204,295,246,24,0,82.92,4,lbw,1,Bangladesh,Hyderabad,2017-02-09,Test
13,33,37,1,0,35.13,4,bowled,4,Australia,Pune,2017-02-23,Test
0,2,2,0,0,0.00,4,caught,2,Australia,Pune,2017-02-23,Test
15,34,25,1,0,60.00,4,lbw,3,Australia,Bengaluru,2017-03-04,Test
12,25,17,2,0,70.58,4,lbw,1,Australia,Bengaluru,2017-03-04,Test
6,38,23,0,0,26.08,4,caught,2,Australia,Ranchi,2017-03-16,Test
81,108,68,6,3,119.11,3,not out,1,Pakistan,Birmingham,2017-06-04,ODI
0,5,5,0,0,0.00,3,caught,1,Sri Lanka,The Oval,2017-06-08,ODI
76,136,101,7,1,75.24,3,not out,2,South Africa,The Oval,2017-06-11,ODI
96,96,78,13,0,123.07,3,not out,2,Bangladesh,Birmingham,2017-06-15,ODI
5,11,9,0,0,55.55,3,caught,2,Pakistan,The Oval,2017-06-18,ODI
32,62,47,1,0,68.08,3,not out,1,West Indies,Port of Spain,2017-06-23,ODI
87,105,66,4,4,131.81,3,caught,1,West Indies,Port of Spain,2017-06-25,ODI
11,27,22,2,0,50.00,3,caught,1,West Indies,North Sound,2017-06-30,ODI
3,19,12,0,0,25.00,3,caught,2,West Indies,North Sound,2017-07-02,ODI
111,140,115,12,2,96.52,3,not out,2,West Indies,Kingston,2017-07-06,ODI
39,17,22,7,1,177.27,1,caught,1,West Indies,Kingston,2017-07-09,T20
103,158,136,5,1,75.73,4,not out,3,Sri Lanka,Galle,2017-07-26,Test
3,15,8,0,0,37.50,4,caught,1,Sri Lanka,Galle,2017-07-26,Test
13,31,29,2,0,44.82,4,caught,1,Sri Lanka,Colombo (SSC),2017-08-03,Test
42,119,84,3,0,50.00,4,caught,1,Sri Lanka,Pallekele,2017-08-12,Test
82,99,70,10,1,117.14,3,not out,2,Sri Lanka,Dambulla,2017-08-20,ODI
4,4,2,1,0,200.00,5,bowled,2,Sri Lanka,Pallekele,2017-08-24,ODI
3,15,11,0,0,27.27,3,caught,2,Sri Lanka,Pallekele,2017-08-27,ODI
131,140,96,17,2,136.45,3,caught,1,Sri Lanka,Colombo (RPS),2017-08-31,ODI
110,150,116,9,0,94.82,3,not out,2,Sri Lanka,Colombo (RPS),2017-09-03,ODI
82,79,54,7,1,151.85,3,caught,2,Sri Lanka,Colombo (RPS),2017-09-06,T20
0,7,4,0,0,0.00,3,caught,1,Australia,Chennai,2017-09-17,ODI
92,148,107,8,0,85.98,3,bowled,1,Australia,Eden Gardens,2017-09-21,ODI
28,58,35,2,0,80.00,3,caught,2,Australia,Indore,2017-09-24,ODI
21,23,21,3,0,100.00,3,bowled,2,Australia,Bengaluru,2017-09-28,ODI
39,73,55,2,0,70.90,3,caught,2,Australia,Nagpur,2017-10-01,ODI
22,19,14,3,0,157.14,3,not out,2,Australia,Ranchi,2017-10-07,T20
0,2,2,0,0,0.00,3,caught,1,Australia,Guwahati,2017-10-10,T20
121,203,125,9,2,96.80,3,caught,1,New Zealand,Wankhede,2017-10-22,ODI
29,40,29,3,1,100.00,3,caught,2,New Zealand,Pune,2017-10-25,ODI
113,166,106,9,1,106.60,3,caught,1,New Zealand,Kanpur,2017-10-29,ODI
26,19,11,0,3,236.36,4,not out,1,New Zealand,Delhi,2017-11-01,T20
65,59,42,8,1,154.76,4,caught,2,New Zealand,Rajkot,2017-11-04,T20
13,6,6,1,1,216.66,3,caught,1,New Zealand,Thiruvananthapuram,2017-11-07,T20
104,208,119,12,2,87.39,4,not out,3,Sri Lanka,Eden Gardens,2017-11-16,Test
0,18,11,0,0,0.00,4,lbw,1,Sri Lanka,Eden Gardens,2017-11-16,Test
213,386,267,17,2,79.77,4,caught,2,Sri Lanka,Nagpur,2017-11-24,Test
50,89,58,3,0,86.20,5,caught,3,Sri Lanka,Delhi,2017-12-02,Test
243,447,287,25,0,84.66,4,lbw,1,Sri Lanka,Delhi,2017-12-02,Test
28,62,40,4,0,70.00,4,lbw,4,South Africa,Cape Town,2018-01-05,Test
5,14,13,0,0,38.46,4,caught,2,South Africa,Cape Town,2018-01-05,Test
5,22,20,1,0,25.00,4,lbw,4,South Africa,Centurion,2018-01-13,Test
153,379,217,15,0,70.50,4,caught,2,South Africa,Centurion,2018-01-13,Test
41,131,79,6,0,51.89,5,bowled,3,South Africa,Johannesburg,2018-01-24,Test
54,146,106,9,0,50.94,4,caught,1,South Africa,Johannesburg,2018-01-24,Test
112,164,119,10,0,94.11,3,caught,2,South Africa,Durban,2018-02-01,ODI
46,64,50,4,1,92.00,3,not out,2,South Africa,Centurion,2018-02-04,ODI
160,220,159,12,2,100.62,3,not out,1,South Africa,Cape Town,2018-02-07,ODI
75,119,83,7,1,90.36,3,caught,1,South Africa,Johannesburg,2018-02-10,ODI
36,76,54,2,0,66.66,3,run out,1,South Africa,Gqeberha,2018-02-13,ODI
129,123,96,19,2,134.37,3,not out,2,South Africa,Centurion,2018-02-16,ODI
26,26,20,2,1,130.00,4,lbw,1,South Africa,Johannesburg,2018-02-18,T20
1,6,5,0,0,20.00,4,caught,1,South Africa,Centurion,2018-02-21,T20
0,1,2,0,0,0.00,6,caught,1,Ireland,Dublin (Malahide),2018-06-27,T20
9,10,8,1,0,112.50,2,caught,1,Ireland,Dublin (Malahide),2018-06-29,T20
20,30,22,0,1,90.90,4,not out,2,England,Manchester,2018-07-03,T20
47,45,38,1,2,123.68,4,caught,1,England,Cardiff,2018-07-06,T20
43,28,29,2,2,148.27,4,caught,2,England,Bristol,2018-07-08,T20
75,100,82,7,0,91.46,3,stumped,2,England,Nottingham,2018-07-12,ODI
45,65,56,2,0,80.35,3,lbw,2,England,Lord's,2018-07-14,ODI
71,98,72,8,0,98.61,3,bowled,1,England,Leeds,2018-07-17,ODI
51,185,93,4,0,54.83,4,lbw,4,England,Birmingham,2018-08-01,Test
149,277,225,22,1,66.22,4,caught,2,England,Birmingham,2018-08-01,Test
17,57,29,2,0,58.62,5,caught,3,England,Lord's,2018-08-09,Test
23,73,57,2,0,40.35,4,caught,1,England,Lord's,2018-08-09,Test
103,292,197,10,0,52.28,4,lbw,3,England,Nottingham,2018-08-18,Test
97,243,152,11,0,63.81,4,caught,1,England,Nottingham,2018-08-18,Test
58,170,130,4,0,44.61,4,caught,4,England,Southampton,2018-08-30,Test
46,100,71,6,0,64.78,4,caught,2,England,Southampton,2018-08-30,Test
0,3,1,0,0,0.00,4,caught,4,England,The Oval,2018-09-07,Test
49,112,70,6,0,70.00,4,caught,2,England,The Oval,2018-09-07,Test
139,341,230,10,0,60.43,4,caught,1,West Indies,Rajkot,2018-10-04,Test
45,86,78,5,0,57.69,4,lbw,2,West Indies,Hyderabad,2018-10-12,Test
140,130,107,21,2,130.84,3,stumped,2,West Indies,Guwahati,2018-10-21,ODI
157,217,129,13,4,121.70,3,not out,1,West Indies,Visakhapatnam,2018-10-24,ODI
107,132,119,10,1,89.91,3,bowled,2,West Indies,Pune,2018-10-27,ODI
16,22,17,2,0,94.11,3,caught,1,West Indies,Brabourne,2018-10-29,ODI
33,57,29,6,0,113.79,3,not out,2,West Indies,Thiruvananthapuram,2018-11-01,ODI
4,9,8,0,0,50.00,4,caught,2,Australia,Brisbane,2018-11-21,T20
61,55,41,4,2,148.78,3,not out,2,Australia,Sydney,2018-11-25,T20
34,132,104,3,0,32.69,4,caught,3,Australia,Adelaide,2018-12-06,Test
3,17,16,0,0,18.75,4,caught,1,Australia,Adelaide,2018-12-06,Test
17,64,40,2,0,42.50,4,caught,4,Australia,Perth,2018-12-14,Test
123,373,257,13,1,47.85,4,caught,2,Australia,Perth,2018-12-14,Test
0,6,4,0,0,0.00,4,caught,3,Australia,Melbourne,2018-12-26,Test
82,305,204,9,0,40.19,4,caught,1,Australia,Melbourne,2018-12-26,Test
23,80,59,4,0,38.98,4,caught,1,Australia,Sydney,2019-01-03,Test
3,10,8,0,0,37.50,3,caught,2,Australia,Sydney,2019-01-12,ODI
104,150,112,5,2,92.85,3,caught,2,Australia,Adelaide,2019-01-15,ODI
46,76,62,3,0,74.19,3,caught,2,Australia,Melbourne,2019-01-18,ODI
45,59,59,3,0,76.27,3,caught,2,New Zealand,Napier,2019-01-23,ODI
43,59,45,5,0,95.55,3,caught,1,New Zealand,Mount Maunganui,2019-01-26,ODI
60,94,74,6,1,81.08,3,caught,2,New Zealand,Mount Maunganui,2019-01-28,ODI
24,25,17,3,0,141.17,3,caught,1,Australia,Visakhapatnam,2019-02-24,T20
72,63,38,2,6,189.47,3,not out,1,Australia,Bengaluru,2019-02-27,T20
44,45,45,6,1,97.77,3,lbw,2,Australia,Hyderabad,2019-03-02,ODI
116,134,120,10,0,96.66,3,caught,1,Australia,Nagpur,2019-03-05,ODI
123,150,95,16,1,129.47,3,bowled,2,Australia,Ranchi,2019-03-08,ODI
7,9,6,1,0,116.66,4,caught,1,Australia,Mohali,2019-03-10,ODI
20,28,22,2,0,90.90,3,caught,2,Australia,Delhi,2019-03-13,ODI
18,44,34,1,0,52.94,3,caught,2,South Africa,Southampton,2019-06-05,ODI
82,128,77,4,2,106.49,3,caught,1,Australia,The Oval,2019-06-09,ODI
77,105,65,7,0,118.46,3,caught,1,Pakistan,Manchester,2019-06-16,ODI
67,105,63,5,0,106.34,3,caught,1,Afghanistan,Southampton,2019-06-22,ODI
72,146,82,8,0,87.80,3,caught,1,West Indies,Manchester,2019-06-27,ODI
66,103,76,7,0,86.84,3,caught,2,England,Birmingham,2019-06-30,ODI
26,45,27,3,0,96.29,3,caught,1,Bangladesh,Birmingham,2019-07-02,ODI
34,61,41,3,0,82.92,3,not out,2,Sri Lanka,Leeds,2019-07-06,ODI
1,8,6,0,0,16.66,3,lbw,2,New Zealand,Manchester,2019-07-09,ODI
19,40,29,1,0,65.51,3,caught,2,West Indies,Lauderhill,2019-08-03,T20
28,21,23,1,1,121.73,3,bowled,1,West Indies,Lauderhill,2019-08-04,T20
59,65,45,6,0,131.11,3,caught,2,West Indies,Providence,2019-08-06,T20
120,179,125,14,1,96.00,3,caught,1,West Indies,Port of Spain,2019-08-11,ODI
114,127,99,14,0,115.15,3,not out,2,West Indies,Port of Spain,2019-08-14,ODI
51,140,113,2,0,45.13,4,caught,3,West Indies,North Sound,2019-08-22,Test
9,18,12,2,0,75.00,4,caught,1,West Indies,North Sound,2019-08-22,Test
0,3,1,0,0,0.00,4,caught,3,West Indies,Kingston,2019-08-30,Test
76,211,163,10,0,46.62,4,caught,1,West Indies,Kingston,2019-08-30,Test
72,66,52,4,3,138.46,3,not out,2,South Africa,Mohali,2019-09-18,T20
9,28,15,0,0,60.00,3,caught,1,South Africa,Bengaluru,2019-09-22,T20
31,40,25,3,1,124.00,5,not out,3,South Africa,Visakhapatnam,2019-10-02,Test
20,60,40,4,0,50.00,4,caught,1,South Africa,Visakhapatnam,2019-10-02,Test
254,400,336,33,2,75.59,4,not out,1,South Africa,Pune,2019-10-10,Test
12,28,22,2,0,54.54,4,lbw,1,South Africa,Ranchi,2019-10-19,Test
0,5,2,0,0,0.00,4,lbw,2,Bangladesh,Indore,2019-11-14,Test
136,220,194,18,0,70.10,4,caught,2,Bangladesh,Eden Gardens,2019-11-22,Test
94,80,50,6,6,188.00,3,not out,2,West Indies,Hyderabad,2019-12-06,T20
19,22,17,2,0,111.76,4,caught,1,West Indies,Thiruvananthapuram,2019-12-08,T20
70,32,29,4,7,241.37,4,not out,1,West Indies,Wankhede,2019-12-11,T20
4,5,4,1,0,100.00,3,bowled,1,West Indies,Chennai,2019-12-15,ODI
0,1,1,0,0,0.00,3,caught,1,West Indies,Visakhapatnam,2019-12-18,ODI
85,111,81,9,0,104.93,3,bowled,2,West Indies,Cuttack,2019-12-22,ODI
30,0,17,1,2,176.47,4,not out,2,Sri Lanka,Indore,2020-01-07,T20
26,19,17,2,1,152.94,6,run out,1,Sri Lanka,Pune,2020-01-10,T20
16,18,14,0,1,114.28,4,caught,1,Australia,Wankhede,2020-01-14,ODI
78,95,76,6,0,102.63,3,caught,1,Australia,Rajkot,2020-01-17,ODI
89,152,91,8,0,97.80,3,bowled,2,Australia,Bengaluru,2020-01-19,ODI
45,30,32,3,1,140.62,3,caught,2,New Zealand,Auckland,2020-01-24,T20
11,21,12,1,0,91.66,3,caught,2,New Zealand,Auckland,2020-01-26,T20
38,31,27,2,1,140.74,4,caught,1,New Zealand,Hamilton,2020-01-29,T20
11,16,9,2,0,122.22,3,caught,1,New Zealand,Wellington,2020-01-31,T20
51,88,63,6,0,80.95,3,bowled,1,New Zealand,Hamilton,2020-02-05,ODI
15,31,25,1,0,60.00,3,bowled,2,New Zealand,Auckland,2020-02-08,ODI
9,20,12,0,1,75.00,3,caught,1,New Zealand,Mount Maunganui,2020-02-11,ODI
19,61,43,3,0,44.18,4,caught,3,New Zealand,Wellington,2020-02-21,Test
2,9,7,0,0,28.57,4,caught,1,New Zealand,Wellington,2020-02-21,Test
14,40,30,3,0,46.66,4,lbw,3,New Zealand,Christchurch,2020-02-29,Test
3,23,15,0,0,20.00,4,lbw,1,New Zealand,Christchurch,2020-02-29,Test
21,21,21,2,1,100.00,3,caught,2,Australia,Sydney,2020-11-27,ODI
89,120,87,7,2,102.29,3,caught,2,Australia,Sydney,2020-11-29,ODI
63,89,78,5,0,80.76,3,caught,1,Australia,Canberra,2020-12-02,ODI
9,11,9,1,0,100.00,3,caught,1,Australia,Canberra,2020-12-04,T20
40,22,24,2,2,166.66,3,caught,2,Australia,Sydney,2020-12-06,T20
85,80,61,4,3,139.34,3,caught,2,Australia,Sydney,2020-12-08,T20
4,13,8,1,0,50.00,5,caught,3,Australia,Adelaide,2020-12-17,Test
74,244,180,8,0,41.11,4,run out,1,Australia,Adelaide,2020-12-17,Test
72,153,104,9,0,69.23,4,bowled,4,England,Chennai,2021-02-05,Test
11,69,48,0,0,22.91,4,caught,2,England,Chennai,2021-02-05,Test
62,200,149,7,0,41.61,4,lbw,3,England,Chennai,2021-02-13,Test
0,6,5,0,0,0.00,4,bowled,1,England,Chennai,2021-02-13,Test
27,85,58,3,0,46.55,4,bowled,2,England,Ahmedabad,2021-02-24,Test
0,13,8,0,0,0.00,4,caught,2,England,Ahmedabad,2021-03-04,Test
0,6,5,0,0,0.00,3,caught,1,England,Ahmedabad,2021-03-12,T20
73,85,49,5,3,148.97,3,not out,2,England,Ahmedabad,2021-03-14,T20
77,80,46,8,4,167.39,4,not out,1,England,Ahmedabad,2021-03-16,T20
1,3,5,0,0,20.00,4,stumped,1,England,Ahmedabad,2021-03-18,T20
80,103,52,7,2,153.84,2,not out,1,England,Ahmedabad,2021-03-20,T20
56,65,60,6,0,93.33,3,caught,1,England,Pune,2021-03-23,ODI
66,110,79,3,1,83.54,3,caught,1,England,Pune,2021-03-26,ODI
7,14,10,1,0,70.00,3,bowled,1,England,Pune,2021-03-28,ODI
13,43,29,0,0,44.82,4,caught,3,New Zealand,Southampton,2021-06-18,Test
44,196,132,1,0,33.33,4,lbw,1,New Zealand,Southampton,2021-06-18,Test
0,2,1,0,0,0.00,4,caught,2,England,Nottingham,2021-08-04,Test
20,54,31,4,0,64.51,4,caught,3,England,Lord's,2021-08-12,Test
42,152,103,3,0,40.77,4,caught,1,England,Lord's,2021-08-12,Test
55,173,125,8,0,44.00,4,caught,3,England,Leeds,2021-08-25,Test
7,31,17,1,0,41.17,4,caught,1,England,Leeds,2021-08-25,Test
44,151,96,7,0,45.83,4,caught,3,England,The Oval,2021-09-02,Test
50,133,96,8,0,52.08,4,caught,1,England,The Oval,2021-09-02,Test
57,94,49,5,1,116.32,3,caught,1,Pakistan,Dubai (DICS),2021-10-24,T20
9,20,17,0,0,52.94,4,caught,1,New Zealand,Dubai (DICS),2021-10-31,T20
2,7,2,0,0,100.00,3,not out,2,Scotland,Dubai (DICS),2021-11-05,T20
36,111,84,1,1,42.85,4,bowled,3,New Zealand,Wankhede,2021-12-03,Test
0,8,4,0,0,0.00,4,lbw,1,New Zealand,Wankhede,2021-12-03,Test
18,41,32,4,0,56.25,5,caught,3,South Africa,Centurion,2021-12-26,Test
35,108,94,4,0,37.23,4,caught,1,South Africa,Centurion,2021-12-26,Test
29,193,143,4,0,20.27,4,caught,3,South Africa,Cape Town,2022-01-11,Test
79,273,201,12,1,39.30,4,caught,1,South Africa,Cape Town,2022-01-11,Test
51,79,63,3,0,80.95,3,caught,2,South Africa,Paarl,2022-01-19,ODI
0,4,5,0,0,0.00,3,caught,1,South Africa,Paarl,2022-01-21,ODI
65,112,84,5,0,77.38,3,caught,2,South Africa,Cape Town,2022-01-23,ODI
8,6,4,2,0,200.00,3,caught,2,West Indies,Ahmedabad,2022-02-06,ODI
18,42,30,3,0,60.00,3,caught,1,West Indies,Ahmedabad,2022-02-09,ODI
0,2,2,0,0,0.00,3,caught,1,West Indies,Ahmedabad,2022-02-11,ODI
17,25,13,1,0,130.76,3,caught,2,West Indies,Eden Gardens,2022-02-16,T20
52,57,41,7,1,126.82,3,bowled,1,West Indies,Eden Gardens,2022-02-18,T20
45,106,76,5,0,59.21,4,bowled,1,Sri Lanka,Mohali,2022-03-04,Test
13,27,16,1,0,81.25,4,lbw,3,Sri Lanka,Bengaluru,2022-03-12,Test
23,63,48,2,0,47.91,4,lbw,1,Sri Lanka,Bengaluru,2022-03-12,Test
20,64,40,4,0,50.00,4,caught,3,England,Birmingham,2022-07-01,Test
11,33,19,2,0,57.89,4,bowled,1,England,Birmingham,2022-07-01,Test
1,8,3,0,0,33.33,3,caught,1,England,Birmingham,2022-07-09,T20
11,8,6,1,1,183.33,3,caught,2,England,Nottingham,2022-07-10,T20
16,39,25,3,0,64.00,3,caught,2,England,Lord's,2022-07-14,ODI
17,27,22,3,0,77.27,3,caught,2,England,Manchester,2022-07-17,ODI
35,47,34,3,1,102.94,3,caught,2,Pakistan,Dubai (DICS),2022-08-28,T20
59,74,44,1,3,134.09,3,not out,1,Hong Kong,Dubai (DICS),2022-08-31,T20
60,77,44,4,1,136.36,3,run out,1,Pakistan,Dubai (DICS),2022-09-04,T20
0,6,4,0,0,0.00,3,bowled,1,Sri Lanka,Dubai (DICS),2022-09-06,T20
122,90,61,12,6,200.00,2,not out,1,Afghanistan,Dubai (DICS),2022-09-08,T20
2,12,7,0,0,28.57,3,caught,1,Australia,Mohali,2022-09-20,T20
11,5,6,2,0,183.33,3,bowled,2,Australia,Nagpur,2022-09-23,T20
63,89,48,3,4,131.25,3,caught,2,Australia,Hyderabad,2022-09-25,T20
3,19,9,0,0,33.33,3,caught,2,South Africa,Thiruvananthapuram,2022-09-28,T20
49,56,28,7,1,175.00,3,not out,1,South Africa,Guwahati,2022-10-02,T20
82,98,53,6,4,154.71,3,not out,2,Pakistan,Melbourne,2022-10-23,T20
62,79,44,3,2,140.90,3,not out,1,Netherlands,Sydney,2022-10-27,T20
12,13,11,2,0,109.09,3,caught,1,South Africa,Perth,2022-10-30,T20
64,84,44,8,1,145.45,3,not out,1,Bangladesh,Adelaide,2022-11-02,T20
26,36,25,2,0,104.00,3,caught,1,Zimbabwe,Melbourne,2022-11-06,T20
50,75,40,4,1,125.00,3,caught,1,England,Adelaide,2022-11-10,T20
9,22,15,1,0,60.00,3,caught,1,Bangladesh,Mirpur,2022-12-04,ODI
5,9,6,1,0,83.33,1,bowled,2,Bangladesh,Mirpur,2022-12-07,ODI
113,174,91,11,2,124.17,3,caught,1,Bangladesh,Chattogram,2022-12-10,ODI
19,40,29,0,0,65.51,4,not out,3,Bangladesh,Chattogram,2022-12-14,Test
1,8,5,0,0,20.00,4,lbw,1,Bangladesh,Chattogram,2022-12-14,Test
1,20,22,0,0,4.54,5,caught,4,Bangladesh,Mirpur,2022-12-22,Test
24,91,73,3,0,32.87,4,caught,2,Bangladesh,Mirpur,2022-12-22,Test
113,117,87,12,1,129.88,3,caught,1,Sri Lanka,Guwahati,2023-01-10,ODI
4,27,9,1,0,44.44,3,bowled,2,Sri Lanka,Eden Gardens,2023-01-12,ODI
166,173,110,13,8,150.90,3,not out,1,Sri Lanka,Thiruvananthapuram,2023-01-15,ODI
8,16,10,1,0,80.00,3,bowled,1,New Zealand,Hyderabad,2023-01-18,ODI
11,19,9,2,0,122.22,3,stumped,2,New Zealand,Raipur,2023-01-21,ODI
36,44,27,3,1,133.33,3,caught,1,New Zealand,Indore,2023-01-24,ODI
12,27,26,2,0,46.15,5,caught,2,Australia,Nagpur,2023-02-09,Test
20,47,31,3,0,64.51,4,stumped,4,Australia,Delhi,2023-02-17,Test
44,127,84,4,0,52.38,4,lbw,2,Australia,Delhi,2023-02-17,Test
13,35,26,2,0,50.00,4,lbw,3,Australia,Indore,2023-03-01,Test
22,64,52,2,0,42.30,4,lbw,1,Australia,Indore,2023-03-01,Test
186,517,364,15,0,51.09,4,caught,2,Australia,Ahmedabad,2023-03-09,Test
4,15,9,1,0,44.44,3,lbw,2,Australia,Wankhede,2023-03-17,ODI
31,79,35,4,0,88.57,3,lbw,1,Australia,Visakhapatnam,2023-03-19,ODI
54,118,72,2,1,75.00,3,caught,2,Australia,Chennai,2023-03-22,ODI
49,115,78,7,0,62.82,4,caught,4,Australia,The Oval,2023-06-07,Test
14,56,31,2,0,45.16,4,caught,2,Australia,The Oval,2023-06-07,Test
76,262,182,5,0,41.75,4,caught,2,West Indies,Roseau,2023-07-12,Test
121,272,206,11,0,58.73,4,run out,1,West Indies,Port of Spain,2023-07-20,Test
4,8,7,1,0,57.14,3,bowled,1,Pakistan,Pallekele,2023-09-02,ODI
122,147,94,9,3,129.78,3,not out,1,Pakistan,Colombo (RPS),2023-09-10,ODI
3,12,12,0,0,25.00,3,caught,1,Sri Lanka,Colombo (RPS),2023-09-12,ODI
56,63,61,5,1,91.80,3,caught,2,Australia,Rajkot,2023-09-27,ODI
85,171,116,6,0,73.27,3,caught,2,Australia,Chennai,2023-10-08,ODI
55,64,56,6,0,98.21,3,not out,2,Afghanistan,Delhi,2023-10-11,ODI
16,31,18,3,0,88.88,3,caught,2,Pakistan,Ahmedabad,2023-10-14,ODI
103,113,97,6,4,106.18,3,not out,2,Bangladesh,Pune,2023-10-19,ODI
95,154,104,8,2,91.34,3,caught,2,New Zealand,Dharamsala,2023-10-22,ODI
0,12,9,0,0,0.00,3,caught,1,England,Lucknow,2023-10-29,ODI
88,139,94,11,0,93.61,3,caught,1,Sri Lanka,Wankhede,2023-11-02,ODI
101,195,121,10,0,83.47,3,not out,1,South Africa,Eden Gardens,2023-11-05,ODI
51,69,56,5,1,91.07,3,bowled,1,Netherlands,Bengaluru,2023-11-12,ODI
117,149,113,9,2,103.53,3,caught,1,New Zealand,Wankhede,2023-11-15,ODI
54,99,63,4,0,85.71,3,bowled,1,Australia,Ahmedabad,2023-11-19,ODI
76,137,82,12,1,92.68,4,caught,3,South Africa,Centurion,2023-12-26,Test
38,96,64,5,0,59.37,4,caught,1,South Africa,Centurion,2023-12-26,Test
12,13,11,2,0,109.09,4,caught,4,South Africa,Cape Town,2024-01-03,Test
46,103,59,6,1,77.96,4,caught,2,South Africa,Cape Town,2024-01-03,Test
29,20,16,5,0,181.25,3,caught,2,Afghanistan,Indore,2024-01-14,T20
0,1,1,0,0,0.00,3,caught,1,Afghanistan,Bengaluru,2024-01-17,T20
1,13,5,0,0,20.00,2,caught,2,Ireland,New York,2024-06-05,T20
4,7,3,1,0,133.33,2,caught,1,Pakistan,New York,2024-06-09,T20
0,1,1,0,0,0.00,2,caught,2,U.S.A.,New York,2024-06-12,T20
,,,,,,,,,,,,
